email,sundata_plant_id,sundata_meter_id,sundata_plant_code,naam
aalbertsenjeroen@gmail.com,28089,30830,PT2KHWN,Aalbertsen
poemie66@hotmail.com,27800,30541,PN46M8H,Aalbertsen
alineaalbertsen41@gmail.com,28111,30852,P9GCXV5,"Aalbertsen, Aline"
info@keespouw.nl,27801,30542,P8QVSBJ,Aannemersbedrijf Kees Pouw
michael.agterberg@live.nl,27802,30543,P8PCKAR,Agterberg
pmci.akker@kpnmail.nl,27804,30545,PKTRFM7,Akker-kesseling
h.alaerds@gmail.com,28107,30848,P3JYD4A,Alaerds
anton.versteeg@wxs.nl,27803,30544,PTJZGN3,Anton Versteeg
jurrienappers@hotmail.com,27805,30546,PMQWGPN,Appers
unruly.kate@gmail.com,27806,30547,PRJCDTX,Artem Chapai
h.baartmans1@kpnplanet.nl,28049,30790,P5TBJ9E,Baartmans
liesbethbakema@hetnet.nl,27808,30549,P3VJ4CG,bakema
hbakkum01@kpnplanet.nl,27807,30548,P9DFUAK,Bakkum
basvoskamp@hotmail.com,27809,30550,P29JWHQ,beckmanstraat14
rbeffers@gmail.com,27811,30552,PKFE73N,Beffers
carla.veenman@icloud.com,27812,30553,PBVTWDK,Beijer
pvanbemmel@hetnet.nl,27810,30551,PTH879F,bemmel
bn.ummels@gmail.com,28043,30784,PDJNA5R,Ben Ummels
ben.van.woudenberg@hccnet.nl,27813,30554,P9G8B73,Ben van Woudenberg
bgangelhof@casema.nl,27814,30555,PYMWUJ5,Berend Gangelhof
bertuspost@ziggo.nl,27816,30557,PTPMZEF,Bertus Post
info@bgt-maarsbergen.nl,27817,30558,PQBZ7SM,BGT
ericbisseling@gmail.com,27815,30556,PP6HQ2A,Bisseling
dablo1974@gmail.com,27820,30561,PEN7MK8,Blommers
jgb@translas.com,27819,30560,P6H4NMZ,Boer
tonbootsma@gmail.com,27821,30562,PDGPCVU,bootsma
bosdijkdehaas@gmail.com,27818,30559,PG8QVSY,Bosdijk- de Haas
mbosma@gmail.com,28109,30850,PDGR7HZ,bosma
derk.stet@gmail.com,27823,30564,PUWANQZ,BREM
bertbron68@gmail.com,28112,30853,PGM4ETN,Bron
wbruul@xmsnet.nl,27822,30563,PMZ5ER7,Bruul
info@buraspid.nl,28052,30793,PJXKH4F,Buras P.I.D.
annettebuunen@hetnet.nl,28062,30803,PGB2KCR,Buunen
rcevaal@hotmail.com,27824,30565,PZG3HJF,Cevaal
123@ecotools.nl,27825,30566,PRWUXY4,coenen
anitacopier74@gmail.com,27826,30567,PN3SHW9,Copier
j.pcremers@planet.nl,27829,30570,PKT5CXG,Cremers
crispinuiling@hotmail.com,27828,30569,PUBSC2V,Crispin Uiling
equalizer@cunor.nl,27827,30568,PY4DEK3,Cuno Reijman
patrick@pavans.nl,27831,30572,PJH2UTY,Dahlmann
rosan@fortdebatterijen.nl,28113,30854,P7Z4XST,De Batterijen
mattiedebie@hotmail.com,27832,30573,PZR9M8W,de Bie
m.besamusca@stichtingbeaumont.nl,27830,30571,PX7EBK5,De Brede Vaart
jandirk@debruijnbeheer.com,28135,30876,PS2BEWH,De Bruijn
amberdegans@hotmail.nl,27833,30574,P86WG9S,De Gans
leonore.lam@mpi.eu,27834,30575,PCJ6XA9,de Haas
tonnydh@hotmail.com,28085,30826,P5AD7M4,De heus
niekdehoog@gmail.com,27835,30576,PKT9ADZ,de Hoog
gerbranddejong@kpnmail.nl,28046,30787,PGKY582,de Jong
brendastolte@casema.nl,28053,30794,PDJB9FH,De jonge
directie@dekleinedichter.nl,28132,30873,PXPFBZJ,De Kleine Dichter SPOU
kru@planet.nl,27836,30577,PTPFB47,de Kruijf
robert.miranda.de.langen@gmail.com,28083,30824,PRNA38F,de Langen
edw.fl55@gmail.com,27837,30578,PDBF5HW,De Wilde
jojetweiss@protonmail.com,27838,30579,PHVWXA8,de With
myrakels@gmail.com,27839,30580,PFDHYJZ,den Haan
erwin_denheijer@hotmail.com,27840,30581,PEG2AHY,den Heijer
mligthartkeizer@hotmail.com,27843,30584,P6CAHTD,Dhr E. ligthart
kees.lea@casema.nl,27841,30582,PBHMGZC,Dhr Oostrom
mboonzaaijer@hotmail.com,27842,30583,PWS6JT4,Dhr. Boonzaaijer
gertversteegt@live.nl,28040,30781,P4D8C3Z,Dhr. Gert Versteegt
stefan@querner.eu,28059,30800,PJ3USRX,Dhr. Querner
rtph.scholten@hetnet.nl,27845,30586,PBEC78K,Dhr. Scholten
vermeerheidi@gmail.com,27844,30585,PTE3Y6N,Dhr. Van Ommen
albertj.lamberts@gmail.com,27846,30587,PMQVZ9S,Dhr.Lamberts
petervandijen@casema.nl,28084,30825,PS6R7MU,Dijen
jvandooijeweert@gmail.com,27847,30588,P9HWEXP,Dooijeweert
mgmdriessen@hotmail.com,28103,30844,PCWTSER,Driessen
administratie@ecotools.nl,27848,30589,PCF3KM5,Ecotools
eddeblaauw@hotmail.com,28095,30836,PG2ZHEQ,Ed de Blaauw
elberse.thuis@gmail.com,27850,30591,PR39XUK,Elberse
welzinga@coxin.nl,27849,30590,PSWX6DP,Elzinga
b.endeveld@ziggo.nl,27851,30592,PT58MUZ,Endeveld
ernstgottenbos@gmail.com,27852,30593,PC64UFP,Ernst Gottenbos
e.haaksman@planet.nl,27853,30594,PMP8AUW,Ernst Haaksman
robbert.faase@gmail.com,28055,30796,PUPKQVD,Faase
r.werson@ziggo.nl,27854,30595,P3EABMC,Fam. Werson
leonieflipse@gmail.com,28114,30855,PHKUQ3W,Flipse
ceesfrankhuisen@gmail.com,27855,30596,PJ8SVZD,Frankhuisen
frans.pezij@gmail.com,27856,30597,PEW938M,Frans Pezij
haroldennicole@casema.nl,27857,30598,PE6MBTV,Fronik
hoogland.wal@planet.nl,27858,30599,PPZ9Y7C,Fronius Primo3.6-1
hm.peeters@gmail.com,27859,30600,PFWTRE3,Fronius PV
jeroen@garagepark.nl,28115,30856,P2MPU5B,Garagepark Almere XXL
jeroen@garagepark.nl,28058,30799,PBSNEHY,Garagepark Den Haag Fase 1
jeroen@garagepark.nl,28065,30806,PZ3SQ92,Garagepark fase 4
edwinkoevoet@emks.nl,27860,30601,PAU697H,Garagepark Tiel
willem@pelster.nl,27861,30602,PDUA76B,Geesink
lucien.gerritsen@casema.nl,27862,30603,P2RB43P,Gerritsen
eric.gerritzen@kpnmail.nl,28136,30877,PFR7MDC,Gerritzen
gijs@denachtdijk.nl,28074,30815,PMBPNEK,Gijs en Ellen Kok
gnoddemarc@gmail.com,28060,30801,PCSAW98,gnodde
thomas@krommerijn.nl,27863,30604,PRX97FH,Golfbaan Kromme Rijn
mark.van.erp@gmail.com,27864,30605,PCPDWA5,Goose
bas@cadbas.nl,28131,30872,P9FJU75,GP Apeldoorn XXL
gremmenm@hotmail.com,27865,30606,PS8FDCK,"Gremmen, Maike"
vincentgroenen@hetnet.nl,28094,30835,PD9EB5N,"Groenen, Vincent"
chris.groeneveld@hotmail.com,27866,30607,PACQJ75,Groeneveld
ritagroters@hotmail.com,27867,30608,PYGDRNE,Groters
grundmann@live.nl,28116,30857,PF2H9MY,grundmann
heidy.kees@planet.nl,27885,30626,PK8FHXV,H.B.M Braam
d.haivu@hotmail.com,27868,30609,PQ3Y8M9,Hai VU
blackmolly60@gmail.com,27869,30610,PH9XNVR,Hans Nijhuis
hanssickmann@gmail.com,27870,30611,PAVUX3Q,Hans Sickmann
hansenelsvanleeuwenhetnet-nl1@outlook.com,27871,30612,PMUVEA4,Hans van Leeuwen
annemarie@duijventil.nl,27873,30614,P4Z3PEG,Hans Visser
driekus.k@live.nl,27872,30613,PHDAV8K,Happel Klip
hardiek@ziggo.nl,28091,30832,PA7HYDN,Hardiek
harry_annelies_puijk@hotmail.com,27874,30615,P2W38QS,Harry Puijk
hwvanbeek@casema.nl,27875,30616,PMVNCZE,HARRY VAN BEEK
hardy.smit@planet.nl,28090,30831,P4DMG8Q,Harvision
helpdesk@vianen.nl,28070,30811,PWB9MD5,Helsdingen
margo_sander@ziggo.nl,27876,30617,PCKF86W,Hendriks
h_hendriksen@casema.nl,27877,30618,PRHDXBJ,Hendriksen
henkolaf@jvleeuwen.nl,27879,30620,P23K6FV,Henk van Leeuwen
bruinkleiboer@xs4all.nl,27878,30619,PETDVSB,Herme Bruin
matchbox@wxs.nl,27880,30621,PCQYF3K,hesseling
dhetebrij@lightsurfacecontrol.nl,27882,30623,PTCVGSN,Hetebrij
henkheywegen@hotmail.com,28117,30858,PAHZ7WV,heywegen
gijsbert.kesteren@planet.nl,27881,30622,PZEFPSA,Home van Kesteren
hoogenraad@live.nl,27883,30624,PBRK752,Hoogenraad
hopmanm@xs4all.nl,27884,30625,P7J6BAN,Hopman Culemborg
bert.vander.horst@hetnet.nl,27886,30627,PT7Z6KM,Horst
dorestad.projecten@gmail.com,27887,30628,PE6DN9B,Hospice WBD
melhovingh@gmail.com,27888,30629,PW6ASV3,Hovingh
info@huijsmanhartkampjurhulp.nl,27889,30630,PETHKXC,Huijsman Hartkamp
frankhuisman1953@gmail.com,27890,30631,PFVR59N,huisman
i.vannieuwenhuizen@hotmail.com,28075,30816,P23UG8E,I.van Nieuwenhuizen
andries.ijkelenstam@kpnplanet.nl,27891,30632,PDW2SZB,Ijkelenstam
charles@issenhoven.nl,27892,30633,PN39AKY,Issenhoven
dirk@jsoelektro.nl,27893,30634,P3QGFW6,J.S.O. Elektrotechniek BV
joopdejager@telfort.nl,27894,30635,PKMCWDY,Jager
janvandenakker@hotmail.nl,28061,30802,PFZPXJ5,Jan van den Akker
janvanrossum1960@gmail.com,27895,30636,PKXY5A9,Jan van Rossum
jansen.marco90@gmail.com,27896,30637,P47H3UZ,Jansen
jansenrt@hotmail.com,28118,30859,PS86UXQ,"Jansen, Ronald"
jasper-angelique@ziggo.nl,27897,30638,PD4PX93,Jasper van Dijk
amerkens81@gmail.com,27898,30639,PQV8DBC,JC Merkens
jjtakken@hotmail.com,27900,30641,PZ2UFR8,Jelger Takken
j.c.jellema@gmail.com,27899,30640,PSKQVTA,Jellema
jeroen_2882@hotmail.com,27901,30642,PZ3V9F4,Jeroen Meijer
joost.vulto@planet.nl,27903,30644,PVDXGFM,Joost Vulto
jos@novad.nl,27902,30643,P37JMQX,Jos Elsendoorn
justfam@ziggo.nl,27904,30645,PZ5SRQM,Just de la Paisieres
j.j.schuilenburg@gmail.com,28068,30809,PBJNWGS,Justin Schuilenburg
keesjanvanlier@hotmail.com,27905,30646,PX2S9Y7,Kees-jan van Lier
wkemp62@gmail.com,27906,30647,PZTN8FB,Kemp
m.kemperman@projectcontrolonline.nl,27908,30649,PZ793AE,Kemperman
,27907,30648,PXUCQSF,Kerkhof
anton.kiewiet@ziggo.nl,28137,30878,P29K7SD,Kiewiet
jgklomp@hotmail.com,27909,30650,P2M59DP,"Klomp, Johan"
leontineknoop@hotmail.com,28041,30782,PADXT5Z,Knoop
lynden@sandenburg.nl,27910,30651,PV5SYX8,koetshuis
gerard_koning@planet.nl,27911,30652,PKPAD2B,Koning
richard@mobiletechcenter.nl,28057,30798,PG8576Z,Koote
kootje@telfort.nl,27912,30653,P9SWZJ4,Kooten
jager359@live.nl,27915,30656,PMGZ645,Kor Jager
info@nijhoff-elektro.nl,27913,30654,P9MNHJ4,Kosterman Hoveniers en Nijhoff Elektro
peterels@casema.nl,27914,30655,P6S3VK4,Koudijs
bjkragten@gmail.com,27916,30657,PTWJ32Z,"Kragten, Bob"
j.l.krijger@gmail.com,27917,30658,P9QKSGZ,Kryganno_zon
sjouke.kuindersma@gmail.com,27918,30659,P2ZHRXP,Kuindersma
nickvdgeer_1@hotmail.com,28080,30821,P98ED4S,Kuipers
lanceeta@gmail.com,27919,30660,P9GXCJM,Lancee
m.buunen@telfort.nl,28119,30860,P4W2XZQ,leeuwen
jlclindner@hotmail.com,28079,30820,PHUEG6P,lindner
geertl2009@gmail.com,27921,30662,PX86KGR,Litjens
cblom@kpnplanet.nl,27920,30661,PTZAUX7,M. Salari
ron-uit-elst@outlook.com,28104,30845,PEAT7C9,M.scheerder
maaike_174@hotmail.com,28099,30840,P9UFBCM,Maaike pot
ronald@salarisbalie.nl,28120,30861,PV7BMS2,Maarel
mlinden@xs4all.nl,27922,30663,PTR2BC5,Marc van der Linden
mberends@hotmail.com,27923,30664,PYBPHT2,Marcel Berends
,28069,30810,PRGBKAW,Marco Hoffman
m.weerdenburg@casema.nl,28081,30822,P48DS95,Mariette Weerdenburg
marius1v.beusichem@hotmail.com,27925,30666,P9NA7Z6,Marius van Beusichem
brouwers800@gmail.com,27924,30665,PE794MB,Mark brouwer
mail@erikmartens.nl,27926,30667,PU7CHKY,"Martens, Beusichem"
amerkens81@gmail.com,28122,30863,PG6HS8Q,Merkens
vanderwalbetonboringen@gmail.com,28098,30839,PGT94V7,Mevr. de Graaff
marianenben@hotmail.com,27927,30668,PD8FXHU,Mevr. van Leeuwen
vanmiddelkooppiet@gmail.com,28082,30823,PZMYF3E,Middelkoop - Houten
info@garagemiltenburg.nl,27928,30669,PQMDNX6,Miltenburg
jos@mittelmeijer.online,27929,30670,PZBHDFX,Mittelmeijer
gerardmocking@ziggo.nl,28121,30862,PBEPJVM,Mocking
marian@onderlingecothen.nl,28086,30827,P29RJEA,"Mocking, Kees"
m.a.moerland@kpnmail.nl,28050,30791,PM6DWN2,Moerland
ronmol@kpnmail.nl,27930,30671,P7N3W4E,Mol
,28042,30783,PUFHY9Z,molenwijk
r.muis@aegirmarine.com,28125,30866,P3FAZGX,Muis
mull0810@planet.nl,28063,30804,P5HFR4G,Muller
ernarijper@hetnet.nl,27931,30672,PCQYRPD,mvr. Rijper
marcel.brenninkmeijer@casema.nl,28064,30805,PRZ9SMV,Nastrax
daveneeteson@gmail.com,27932,30673,PPH3B92,Neeteson
wim_ans_odijk@hotmail.com,27933,30674,PA4YVCZ,"Odijk, Wim"
ton@omniapartners.nl,27934,30675,PP5WB7A,Omnia
loosterhoff@planet.nl,28134,30875,PTKU7NC,Oosterhoff
paula.vanoostrom@gmail.com,28123,30864,PSQ3CFG,Oostrom
sjaak@kickmail.nl,27935,30676,P2X3W8C,Oostveen
j.l.oostveen1966@kpnmail.nl,28124,30865,PRQE2D7,Oostveen Joan
hansvanoudenaarde@upcmail.nl,28100,30841,PCFM257,oudenaarde
mcon68@gmail.com,27936,30677,PJSRMD2,Oudshoorn
mariskaovergoor@gmail.com,27937,30678,PMD96R4,Overgoor
ec.overvest@ziggo.nl,28106,30847,PT53WA2,Overvest
j.overvest@kpnmail.nl,28092,30833,PY9FGTX,Overvest Jan
mp.jansen@casema.nl,27938,30679,P5P2XKA,Patrick Jansen
p.vanculemborg@hotmail.nl,28067,30808,PGC38MB,Patrick Van Culemborg
nicoliensnippe@hotmail.com,27939,30680,PQ87DNA,peek
apeelen@planet.nl,28096,30837,PB7MKDW,Peelen
willem@pelster.nl,27940,30681,PFC5M78,Pelster
brigitte_vernooij@hotmail.com,27941,30682,PC3RAP9,Peppel
,28130,30871,P2HWPX7,Peter Bal
peter.den.ouden@me.com,28102,30843,PDGFYNE,Peter den Ouden
info@profitcar.nl,27942,30683,PSRWV9G,post
pot.zonnehof@hetnet.nl,28044,30785,P8GCZBY,Pot
erwin@rkwadraat-ta.nl,28072,30813,PG3XU69,R2 Technische Assemblage
stevenradstok@gmail.com,27944,30685,PED8UBT,Radstok
bjp.ramaaker@gmail.com,27945,30686,PHNEPCY,Ramaaker
raouldejong69@gmail.com,27943,30684,PP7VTCH,Raoul de Jong
jeroenschoe@gmail.com,27946,30687,PRSAT2W,Remus108
r68broekhuizen@ziggo.nl,28066,30807,PU864BW,Ries Broekhuizen
gerard@rondhuis.eu,27947,30688,PY6TVEQ,Rijnbandijk 197
info@rijnfruit.nl,27948,30689,PHZVE3Q,Rijnfruit
robkraaijestein@gmail.com,27950,30691,PSQXBFR,Rob Kraaijestein
rgerritsen@hotmail.com,27949,30690,PFYJ8QA,Robert Gerritsen
f2hagrobijn184@hetnet.nl,27951,30692,PW3KYDB,Robijn
marjolein@stalrosenboom.nl,28071,30812,PX42GPY,Rosenboom
liesaa1@gmail.com,28133,30874,PQ2U794,Saaltink
sander@amstel30.nl,27952,30693,PD3K48A,Sander van de Weert
arnaben@ziggo.nl,28038,30779,PWNMSH3,Schijndel
bschippers@casema.nl,27954,30695,P5TK9RH,Schippers
ellenvandenberg89@gmail.com,27953,30694,PRAZ8YB,Schmits
ralphpostma@gmail.com,27955,30696,PCXFDZ2,Scholekster
benschot65@gmail.com,27956,30697,P7QX6ZB,Schothorst
jan.sylvia26@kpnmail.nl,27958,30699,PEW7Y2X,schramowski
w.schuddeboom@planet.nl,27957,30698,PS2EAHD,Schuddeboom
jazwerus@sebaschool.nl,27960,30701,P7KN63E,Sebaschool
n_sharifi@hotmail.com,27959,30700,PXCFP7M,Sharifi
laurentslagmolen@gmail.com,27961,30702,PFJC4RA,Slagmolen
msluijter@hotmail.com,28101,30842,PXJBM4G,Sluijter
laurens@fruitproeverij.eu,27963,30704,PU8MB5N,Smits
qfraiquin@icloud.com,27962,30703,PHQBDKN,Solarcentury VW Inverter 10
,27964,30705,P7Y6WZ3,sporthal de Tol
sjaak.woudenberg@gmail.com,27965,30706,PSQB6WM,SSC Sporthal de Rijnsloot
jan@steengrachtartware.com,27966,30707,PNAQ29W,Steengracht
stichtinggeerlofwitteveen@gmail.com,27967,30708,PSAQE7Y,Stichting Geerlof Witteveen
info@vluchtelingkinderen.nl,27968,30709,PJFMTCV,stichting vluchtelingkinderen
subramanian.bala@gmail.com,28110,30851,PRD74QP,Subramanian
,28076,30817,PHJEZD9,Swart
debbyvwoudenberg@gmail.com,27969,30710,P4ZUWFG,TEBA Holding
henk_vdt@hotmail.com,28093,30834,PZVEPRN,Tempel
teogorter@live.nl,27970,30711,PNUV95M,Teo Gorter
rogier.termeer@gmail.com,27971,30712,PZC2TP6,Termeer
ton.laros@hotmail.com,27972,30713,PB6DQ3Z,ton laros
jurisvision@planet.nl,27973,30714,PERK2TW,Ton Teunissen
jorisuilenreef@hotmail.com,27974,30715,P243XMD,Uilenreef
jorn.ummels@gmail.com,28045,30786,PF63ZMP,Ummels
bastiaan.vaandrager@gmail.com,28054,30795,P83PE9F,Vaandrager
wimvanalfen@hotmail.com,27975,30716,PZN3D9Y,van Alfen
pp@bosbeek.com,28126,30867,PSR6MU9,Van Beek - Bunnik
dijksingel@ziggo.nl,27976,30717,PS4MT5K,van Beek Gerrit
bennekombode@gmail.com,27978,30719,PGHAZFE,van Bennekom
paulvanbentum@hotmail.com,27977,30718,P3CDUGA,van Bentum
frankbeurten@gmail.com,27979,30720,PW4BTAE,Van Beurten
gcvandenberg@icloud.com,27980,30721,PM6VBNK,van den Berg
info@bertvandenboogaard.nl,27981,30722,PS38V5A,van den Boogaard
alexandervandenbos4@hotmail.nl,28051,30792,PVE8JU9,van den Bos
ahbrink1975@hotmail.nl,27982,30723,P96YHCR,Van den Brink
imfar62@gmail.com,27983,30724,P3TM8EF,van den broek
eeheuvel@ziggo.nl,27984,30725,PFVBHRD,Van den Heuvel
spider_ivo@hotmail.com,28056,30797,PZCKW3G,van der Helm
horst@quantanpm.nl,27986,30727,PQ7KF42,Van der horst
bruchpilot@casema.nl,27985,30726,PKYCQ7P,Van der Meijden
cjstelt@hetnet.nl,27987,30728,PBT7HEX,van der Stelt
jawa.vdveer@planet.nl,27989,30730,P4V3S8Z,van der Veer
bcvandervorst@gmail.com,27988,30729,PGC7R5J,van der Vorst
paulavanderwiel60@gmail.com,27990,30731,P4587GJ,Van der Wiel
joris@vanderworp.net,27991,30732,PEKDZMF,Van der Worp
michiel@zeetronic.nl,27993,30734,PMRZDTK,van der Zee
a.p.vandijk@online.nl,27992,30733,PKTGBZV,van dijk
info@miribouw.nl,27994,30735,PVS5DKJ,van Eck
cockvaneijden@ziggo.nl,27995,30736,PFC9WYG,Van Eijden
petervaneijden@hotmail.com,27996,30737,PQ5UKSJ,van Eijden Peter
frankvanerp@hotmail.com,27998,30739,PM4U8DQ,van Erp
ivgalen@live.nl,27997,30738,P4DGKV3,van Galen
info@vangarderen.nl,27999,30740,PHV7U4R,van Garderen
info@fotografie-ijzendoorn.nl,28001,30742,PU9MG7B,Van ijzendoorn
h.van.iterson@hetnet.nl,28000,30741,PQJTRHS,van Iterson
michaelvankuik@gmail.com,28011,30752,PU9Q8AB,Van Kuik
reinier79@hotmail.com,28073,30814,PVA87CE,van leeuwen
c.d.van.mourik@casema.nl,28087,30828,PAW4JK2,Van Mourik
mary_myway@hotmail.com,28002,30743,PYJRNBP,van Nimwegen
oostrom10@ziggo.nl,28003,30744,P4PZK93,Van Oostrom/ Hollendewagenweg
ruudvanos1@gmail.com,28127,30868,PP7F8BN,van Os
antoinettevanproosdij@gmail.com,28004,30745,PAJZURV,van Proosdij
alblidavanputten@gmail.com,28005,30746,PX7B5YD,van Putten
geert@steenenpoort.nl,28007,30748,PPU7V8W,van Rooijen
dennisvanrossum@gmail.com,28006,30747,PBSZEFG,van Rossum
bvanschaik@verweij-lopik.nl,28008,30749,P4E6HNP,van Schaik
jeroenvs@hetnet.nl,28009,30750,P86XTGY,van Schaik Jeroen
arievanv@gmail.com,28010,30751,PQ6KA5Y,van Veenendaal
silnico@casema.nl,28048,30789,P6A7RF2,van Voorn
maartenvanwalsum@gmail.com,28012,30753,PURXCVD,van Walsum
vanwijkg@planet.nl,28013,30754,PNR7GJT,Van wijk
henkvdpoel@gmail.com,28015,30756,PZK7PJB,vd Poel
lehmprins@gmail.com,28016,30757,PEKGJX7,Vd Ven-Prins
eaplijnaer@online.nl,28014,30755,PHRVKX9,vd Vlist
biancavanwijk1@gmail.com,28105,30846,PUN5DY8,Verbeeten
thomas@thover.nl,28047,30788,PBT2E4D,Verhiel
harro.verhoeven@upcmail.nl,28017,30758,PF7UJXG,Verhoeven
monitoring@ahaw.nl,28018,30759,PCSWNVF,"Verkerk, Werkhoven"
vincentvermeer@kpnmail.nl,28019,30760,P9VAMP6,Vermeer
rogiervdoorn@yahoo.com,28108,30849,PAK3VXY,Verpoorte
hversteeg@co-more.nl,28020,30761,PN6C8EZ,Versteeg
ac_vingerling@hotmail.com,28039,30780,PGK4RTC,vingerling
info@visserbouwheukelum.nl,28021,30762,PU7H6Z5,Visser
mandyvw93@gmail.com,28022,30763,PT78K4E,Vork
michael.vrancken@kpnmail.nl,28023,30764,PH8PZGJ,Vrancken
roelfblik@gmail.com,28024,30765,PCVQDFG,VVE Van Reeslaan
erwin@barwin.nl,28025,30766,PA5V7YP,VYh3
waldebart.dobbinga@gmail.com,28026,30767,P2A8UKR,Waldebart Dobbinga
ruud.smit07@ziggo.nl,28027,30768,P7DJERV,Walkart house
goenanskewammes@gmail.com,28029,30770,PW5Z6RQ,wammes
n.j.wiendels@casema.nl,28088,30829,PMAHT2V,Weisscher
janwelkzijn@gmail.com,28028,30769,P7JUF32,Welkzijn
wesstijl@xs4all.nl,28033,30774,PXQ2ER8,Wessum
wageweus@hetnet.nl,28030,30771,PJAC8PS,Weustink
wiere351@planet.nl,28031,30772,P3MSDXE,Wierenga (Culemborg)
martijnwillems@planet.nl,28032,30773,PYZ24JT,Willems
familiewilting@outlook.com,28034,30775,P6JMAW2,Wilting
rene_witkamp@casema.nl,28128,30869,PFMADGR,Witkamp
witte.rudolf@gmail.com,28077,30818,P5STRHX,witte
martiendas@dds.nl,28078,30819,PMYTEB2,Woongemeenschap De Kamp
wimwoudenberg@kpnplanet.nl,28035,30776,PKGYBQF,Woudenberg
d.h.gorter@live.com,28097,30838,P4R6CN7,Zocherstraat 25
omv.ssg4a@passmail.com,28129,30870,PSMNCT7,Zon
h.zonneveld@outlook.com,28036,30777,PRSZGJ5,Zonneveld
hzumbrink@casema.nl,28037,30778,P4X7CZF,Zumbrink
